,rank,name,opus,versions,duration,composer_name,composer_life
0,1,Die Schöpfung (The Creation),21:2,5,105m,Franz Joseph Haydn,31 mar 1732 (Rohrau) -  31 may 1809 (Vienna)
1,2,"Symphony no. 94 ""Surprise""",1:94,2,25m,Franz Joseph Haydn,31 mar 1732 (Rohrau) -  31 may 1809 (Vienna)
2,3,10 Menuets for piano,9:22,1,7m,Franz Joseph Haydn,31 mar 1732 (Rohrau) -  31 may 1809 (Vienna)
3,4,Piano Sonata No. 59 in E flat major,16:49,1,19m,Franz Joseph Haydn,31 mar 1732 (Rohrau) -  31 may 1809 (Vienna)
4,5,"Symphony no. 104 ""london""",1:104,2,29m,Franz Joseph Haydn,31 mar 1732 (Rohrau) -  31 may 1809 (Vienna)
5,6,"Missa in Tempore Belli ""Paukenmesse""",22:9,1,41m,Franz Joseph Haydn,31 mar 1732 (Rohrau) -  31 may 1809 (Vienna)
6,7,Violin concerto no. 4 in G major,7a:4,1,20m,Franz Joseph Haydn,31 mar 1732 (Rohrau) -  31 may 1809 (Vienna)
7,8,"Missa Brevis ""Sancti Joannis de Deo""",22:7,1,17m,Franz Joseph Haydn,31 mar 1732 (Rohrau) -  31 may 1809 (Vienna)
8,9,"Symphony no. 100 ""Military""",1:100,2,25m,Franz Joseph Haydn,31 mar 1732 (Rohrau) -  31 may 1809 (Vienna)
9,10,32 Pieces for mechanical clock (Flötenuhr),19,1,23m,Franz Joseph Haydn,31 mar 1732 (Rohrau) -  31 may 1809 (Vienna)
10,11,"Mass in D minor """"Lord Nelson""",22:11,3,42m,Franz Joseph Haydn,31 mar 1732 (Rohrau) -  31 may 1809 (Vienna)
11,12,London Trio no.1 in C major,4:1,1,8m,Franz Joseph Haydn,31 mar 1732 (Rohrau) -  31 may 1809 (Vienna)
12,13,Piano concerto in D major H. 18:11,18:11,2,18m,Franz Joseph Haydn,31 mar 1732 (Rohrau) -  31 may 1809 (Vienna)
13,14,"Missa Sancti Nicholai ""St. Nicholas Mass""",22:6,1,5m,Franz Joseph Haydn,31 mar 1732 (Rohrau) -  31 may 1809 (Vienna)
14,15,Trumpet Concerto,7e:1,2,15m,Franz Joseph Haydn,31 mar 1732 (Rohrau) -  31 may 1809 (Vienna)
15,16,Piano Sonata No. 60 in C major,16:50,3,16m,Franz Joseph Haydn,31 mar 1732 (Rohrau) -  31 may 1809 (Vienna)
16,17,Piano Sonata No. 50 in D major,16:37,2,10m,Franz Joseph Haydn,31 mar 1732 (Rohrau) -  31 may 1809 (Vienna)
17,18,"String quartet in D major ""The Lark""",3:63,2,17m,Franz Joseph Haydn,31 mar 1732 (Rohrau) -  31 may 1809 (Vienna)
18,19,"Symphony no. 101 ""Clock""",1:101,2,29m,Franz Joseph Haydn,31 mar 1732 (Rohrau) -  31 may 1809 (Vienna)
19,20,Symphony no. 34,1:34,1,15m,Franz Joseph Haydn,31 mar 1732 (Rohrau) -  31 may 1809 (Vienna)
20,1,Sonata for Flute solo in A minor,132,1,7m,Carl Philipp Emanuel Bach,8 mar 1714 (Weimar) -  14 dec 1788 (Hamburg)
21,2,Cello Concerto in A major,172,1,22m,Carl Philipp Emanuel Bach,8 mar 1714 (Weimar) -  14 dec 1788 (Hamburg)
22,3,Solfeggietto in C minor,117:2,1,1m,Carl Philipp Emanuel Bach,8 mar 1714 (Weimar) -  14 dec 1788 (Hamburg)
23,4,Prussian Sonata No.1,48:1,1,7m,Carl Philipp Emanuel Bach,8 mar 1714 (Weimar) -  14 dec 1788 (Hamburg)
24,5,Symphony in D major Wq183,183:1,2,11m,Carl Philipp Emanuel Bach,8 mar 1714 (Weimar) -  14 dec 1788 (Hamburg)
25,6,"Keyboard Concerto in A minor, H403",1,1,19m,Carl Philipp Emanuel Bach,8 mar 1714 (Weimar) -  14 dec 1788 (Hamburg)
26,7,Symphony No. 3 in C major Wq182,182:3,1,11m,Carl Philipp Emanuel Bach,8 mar 1714 (Weimar) -  14 dec 1788 (Hamburg)
27,8,"Sonata for clarinet, bassoon & keyboard No. 1",92:1,1,4m,Carl Philipp Emanuel Bach,8 mar 1714 (Weimar) -  14 dec 1788 (Hamburg)
28,9,Flute Sonata in E minor (Wq 124),124,1,6m,Carl Philipp Emanuel Bach,8 mar 1714 (Weimar) -  14 dec 1788 (Hamburg)
29,10,Keyboard concerto in D minor H427,23,1,24m,Carl Philipp Emanuel Bach,8 mar 1714 (Weimar) -  14 dec 1788 (Hamburg)
30,11,"Sonata for clarinet, bassoon & keyboard No. 6",92:6,1,5m,Carl Philipp Emanuel Bach,8 mar 1714 (Weimar) -  14 dec 1788 (Hamburg)
31,12,Die Trennung in D minor,202:O4,1,2m,Carl Philipp Emanuel Bach,8 mar 1714 (Weimar) -  14 dec 1788 (Hamburg)
32,13,Symphony in E flat major Wq183,183:2,1,11m,Carl Philipp Emanuel Bach,8 mar 1714 (Weimar) -  14 dec 1788 (Hamburg)
33,14,Symphony in F major Wq183,183:3,1,11m,Carl Philipp Emanuel Bach,8 mar 1714 (Weimar) -  14 dec 1788 (Hamburg)
34,1,Cello Suite No. 1 in G major,1007,6,21m,Johann Sebastian Bach,31 mar 1685 (Eisenach) -  28 jul 1750 (Leipzig)
35,2,Brandenburg Concerto No. 1,1046,2,24m,Johann Sebastian Bach,31 mar 1685 (Eisenach) -  28 jul 1750 (Leipzig)
36,3,Toccata and Fugue in d minor,565,7,11m,Johann Sebastian Bach,31 mar 1685 (Eisenach) -  28 jul 1750 (Leipzig)
37,4,5 Little Preludes (BWV939-943),939+,2,5m,Johann Sebastian Bach,31 mar 1685 (Eisenach) -  28 jul 1750 (Leipzig)
38,5,Violin Sonata No. 1 in G minor,1001,4,19m,Johann Sebastian Bach,31 mar 1685 (Eisenach) -  28 jul 1750 (Leipzig)
39,6,Well-Tempered Clavier I,846+,31,132m,Johann Sebastian Bach,31 mar 1685 (Eisenach) -  28 jul 1750 (Leipzig)
40,7,St. Matthew Passion,244,4,196m,Johann Sebastian Bach,31 mar 1685 (Eisenach) -  28 jul 1750 (Leipzig)
41,8,Orchestral Suite No. 3 in D (contains Air on the G string),1068,6,18m,Johann Sebastian Bach,31 mar 1685 (Eisenach) -  28 jul 1750 (Leipzig)
42,9,Violin Partita no. 2 in D minor,1004,5,27m,Johann Sebastian Bach,31 mar 1685 (Eisenach) -  28 jul 1750 (Leipzig)
43,10,Goldberg Variations,988,13,82m,Johann Sebastian Bach,31 mar 1685 (Eisenach) -  28 jul 1750 (Leipzig)
44,11,Mass in B minor,232,4,122m,Johann Sebastian Bach,31 mar 1685 (Eisenach) -  28 jul 1750 (Leipzig)
45,12,Magnificat in D Major,243,6,31m,Johann Sebastian Bach,31 mar 1685 (Eisenach) -  28 jul 1750 (Leipzig)
46,13,"Fugue in G minor ""Little""",578,3,4m,Johann Sebastian Bach,31 mar 1685 (Eisenach) -  28 jul 1750 (Leipzig)
47,14,Concerto for 2 violins in D minor,1043,2,18m,Johann Sebastian Bach,31 mar 1685 (Eisenach) -  28 jul 1750 (Leipzig)
48,15,Two-part inventions,772+,17,27m,Johann Sebastian Bach,31 mar 1685 (Eisenach) -  28 jul 1750 (Leipzig)
49,16,Cello Suite No. 3 in C,1009,5,23m,Johann Sebastian Bach,31 mar 1685 (Eisenach) -  28 jul 1750 (Leipzig)
50,17,Art of fugue (Die Kunst der Fuge),1080,1,35m,Johann Sebastian Bach,31 mar 1685 (Eisenach) -  28 jul 1750 (Leipzig)
51,18,Herz und Mund und Tat und Leben (contains Jesu joy of man's desiring),147,6,7m,Johann Sebastian Bach,31 mar 1685 (Eisenach) -  28 jul 1750 (Leipzig)
52,19,Brandenburg Concerto No. 3,1048,4,20m,Johann Sebastian Bach,31 mar 1685 (Eisenach) -  28 jul 1750 (Leipzig)
53,20,"Ach bleib bei uns, Herr Jesu Christ BWV649",649,4,4m,Johann Sebastian Bach,31 mar 1685 (Eisenach) -  28 jul 1750 (Leipzig)
54,1,Die Walküre (Ride of the Valkyries),86B,4,212m,Richard Wagner,22 may 1813 (Leipzig) -  13 feb 1883 (Venice)
55,2,Lohengrin (contains wedding march),75,11,217m,Richard Wagner,22 may 1813 (Leipzig) -  13 feb 1883 (Venice)
56,3,Tristan und Isolde,90,2,227m,Richard Wagner,22 may 1813 (Leipzig) -  13 feb 1883 (Venice)
57,4,Das Rheingold,86A,4,151m,Richard Wagner,22 may 1813 (Leipzig) -  13 feb 1883 (Venice)
58,5,Parsifal,111,5,272m,Richard Wagner,22 may 1813 (Leipzig) -  13 feb 1883 (Venice)
59,6,Die Meistersinger von Nürnberg,96,5,265m,Richard Wagner,22 may 1813 (Leipzig) -  13 feb 1883 (Venice)
60,7,Tannhäuser und der Sängerkrieg auf Wartburg,70,8,183m,Richard Wagner,22 may 1813 (Leipzig) -  13 feb 1883 (Venice)
61,8,Das Liebesmahl der Apostel,69,1,11m,Richard Wagner,22 may 1813 (Leipzig) -  13 feb 1883 (Venice)
62,9,Der fliegende Holländer,63,4,141m,Richard Wagner,22 may 1813 (Leipzig) -  13 feb 1883 (Venice)
63,10,Siegfried,86C,2,232m,Richard Wagner,22 may 1813 (Leipzig) -  13 feb 1883 (Venice)
64,11,Götterdämmerung,86D,2,227m,Richard Wagner,22 may 1813 (Leipzig) -  13 feb 1883 (Venice)
65,12,Albumblatt für Frau Betty Schott,108,1,5m,Richard Wagner,22 may 1813 (Leipzig) -  13 feb 1883 (Venice)
66,13,Wesendonck-Lieder,91,1,20m,Richard Wagner,22 may 1813 (Leipzig) -  13 feb 1883 (Venice)
67,14,Siegfried-Idyll,103,2,18m,Richard Wagner,22 may 1813 (Leipzig) -  13 feb 1883 (Venice)
68,1,Myrthen (song cycle),25,8,7m,Robert Schumann,8 jun 1810 (Zwickau) -  29 jul 1856 (Endenich)
69,2,Frauenliebe und -leben,42,3,21m,Robert Schumann,8 jun 1810 (Zwickau) -  29 jul 1856 (Endenich)
70,3,Kinderszenen (Scenes from childhood),15,14,22m,Robert Schumann,8 jun 1810 (Zwickau) -  29 jul 1856 (Endenich)
71,4,Dichterliebe,48,5,27m,Robert Schumann,8 jun 1810 (Zwickau) -  29 jul 1856 (Endenich)
72,5,Piano Concerto in A minor,54,6,34m,Robert Schumann,8 jun 1810 (Zwickau) -  29 jul 1856 (Endenich)
73,6,Liederkreis op. 39,39,5,27m,Robert Schumann,8 jun 1810 (Zwickau) -  29 jul 1856 (Endenich)
74,7,Fantasiestücke op. 73,73,6,19m,Robert Schumann,8 jun 1810 (Zwickau) -  29 jul 1856 (Endenich)
75,8,"Symphony No. 3 in E flat ""Rhenish""",97,2,35m,Robert Schumann,8 jun 1810 (Zwickau) -  29 jul 1856 (Endenich)
76,9,"Symphony No. 1 in B flat ""Spring""",38,1,31m,Robert Schumann,8 jun 1810 (Zwickau) -  29 jul 1856 (Endenich)
77,10,Symphony No. 4 in D minor,120,2,31m,Robert Schumann,8 jun 1810 (Zwickau) -  29 jul 1856 (Endenich)
78,11,Violin Sonata No. 1 in A Minor,105,1,17m,Robert Schumann,8 jun 1810 (Zwickau) -  29 jul 1856 (Endenich)
79,12,Fantasiestücke op. 12,12,12,26m,Robert Schumann,8 jun 1810 (Zwickau) -  29 jul 1856 (Endenich)
80,13,Cello Concerto in A minor,129,1,23m,Robert Schumann,8 jun 1810 (Zwickau) -  29 jul 1856 (Endenich)
81,14,Carnaval,9,6,31m,Robert Schumann,8 jun 1810 (Zwickau) -  29 jul 1856 (Endenich)
82,15,3 Romances op. 94,94,1,7m,Robert Schumann,8 jun 1810 (Zwickau) -  29 jul 1856 (Endenich)
83,16,Adagio and Allegro,70,2,9m,Robert Schumann,8 jun 1810 (Zwickau) -  29 jul 1856 (Endenich)
84,17,Violin concerto in D minor,W23,2,32m,Robert Schumann,8 jun 1810 (Zwickau) -  29 jul 1856 (Endenich)
85,18,3 Romances op. 28,28,4,6m,Robert Schumann,8 jun 1810 (Zwickau) -  29 jul 1856 (Endenich)
86,19,Piano Quintet,44,3,32m,Robert Schumann,8 jun 1810 (Zwickau) -  29 jul 1856 (Endenich)
87,20,Piano Quartet in E flat major,47,2,29m,Robert Schumann,8 jun 1810 (Zwickau) -  29 jul 1856 (Endenich)
88,1,Hungarian Dances,,6,9m,Johannes Brahms,7 may 1833(Hamburg) -  3 apr 1897(Vienna)
89,2,Symphony No. 1 in C minor,68,2,44m,Johannes Brahms,7 may 1833(Hamburg) -  3 apr 1897(Vienna)
90,3,Deutsches Requiem,45,2,63m,Johannes Brahms,7 may 1833(Hamburg) -  3 apr 1897(Vienna)
91,4,Symphony No. 4 in E minor,98,2,44m,Johannes Brahms,7 may 1833(Hamburg) -  3 apr 1897(Vienna)
92,5,11 Choral Preludes for Organ,122,1,7m,Johannes Brahms,7 may 1833(Hamburg) -  3 apr 1897(Vienna)
93,6,Symphony No. 3 in F Major,90,3,39m,Johannes Brahms,7 may 1833(Hamburg) -  3 apr 1897(Vienna)
94,7,Cello Sonata No. 1 in E minor,38,2,24m,Johannes Brahms,7 may 1833(Hamburg) -  3 apr 1897(Vienna)
95,8,Piano Concerto No. 1 in D minor,15,1,46m,Johannes Brahms,7 may 1833(Hamburg) -  3 apr 1897(Vienna)
96,9,Symphony No. 2 in D Major,73,1,42m,Johannes Brahms,7 may 1833(Hamburg) -  3 apr 1897(Vienna)
97,10,16 Waltzes for Piano,39,9,21m,Johannes Brahms,7 may 1833(Hamburg) -  3 apr 1897(Vienna)
98,11,12 german folk songs,W35,1,1m,Johannes Brahms,7 may 1833(Hamburg) -  3 apr 1897(Vienna)
99,12,Piano Concerto No. 2,83,2,44m,Johannes Brahms,7 may 1833(Hamburg) -  3 apr 1897(Vienna)
100,13,Violin Sonata No. 1 in G major,78,3,28m,Johannes Brahms,7 may 1833(Hamburg) -  3 apr 1897(Vienna)
101,14,Liebeslieder Waltzes for voice and piano,52,5,25m,Johannes Brahms,7 may 1833(Hamburg) -  3 apr 1897(Vienna)
102,15,2 Rhapsodies for Piano,79,9,17m,Johannes Brahms,7 may 1833(Hamburg) -  3 apr 1897(Vienna)
103,16,Violin Sonata No. 3 in D minor,108,4,22m,Johannes Brahms,7 may 1833(Hamburg) -  3 apr 1897(Vienna)
104,17,Schicksalslied,54,3,17m,Johannes Brahms,7 may 1833(Hamburg) -  3 apr 1897(Vienna)
105,18,String Sextet No. 1,18,4,45m,Johannes Brahms,7 may 1833(Hamburg) -  3 apr 1897(Vienna)
106,19,Piano Quartet No. 1 in G minor,25,1,40m,Johannes Brahms,7 may 1833(Hamburg) -  3 apr 1897(Vienna)
107,20,Clarinet Trio in A minor,114,6,25m,Johannes Brahms,7 may 1833(Hamburg) -  3 apr 1897(Vienna)
108,1,Violin Concerto in E minor,64,2,24m,Felix Mendelssohn-Bartholdy,3 feb 1809 (Hamburg) -  4 nov 1847 (Berlin)
109,2,A Midsummer Night's Dream (contains Wedding March),61,1,44m,Felix Mendelssohn-Bartholdy,3 feb 1809 (Hamburg) -  4 nov 1847 (Berlin)
110,3,"Symphony no. 4 ""Italian""",90,3,51m,Felix Mendelssohn-Bartholdy,3 feb 1809 (Hamburg) -  4 nov 1847 (Berlin)
111,4,"Songs without Words, Vol. I",19,7,17m,Felix Mendelssohn-Bartholdy,3 feb 1809 (Hamburg) -  4 nov 1847 (Berlin)
112,5,"Symphony no. 3 ""Scottish""",56,1,32m,Felix Mendelssohn-Bartholdy,3 feb 1809 (Hamburg) -  4 nov 1847 (Berlin)
113,6,Elias,70,4,397m,Felix Mendelssohn-Bartholdy,3 feb 1809 (Hamburg) -  4 nov 1847 (Berlin)
114,7,"Symphony no. 5 ""Reformation""",107,1,31m,Felix Mendelssohn-Bartholdy,3 feb 1809 (Hamburg) -  4 nov 1847 (Berlin)
115,8,"3 English Church Pieces: (solo voices, chorus",69,2,5m,Felix Mendelssohn-Bartholdy,3 feb 1809 (Hamburg) -  4 nov 1847 (Berlin)
116,9,Rondo capriccioso in E Major,14,2,7m,Felix Mendelssohn-Bartholdy,3 feb 1809 (Hamburg) -  4 nov 1847 (Berlin)
117,10,Paulus,36,2,120m,Felix Mendelssohn-Bartholdy,3 feb 1809 (Hamburg) -  4 nov 1847 (Berlin)
118,11,Octet in E Flat Major for strings,20,2,32m,Felix Mendelssohn-Bartholdy,3 feb 1809 (Hamburg) -  4 nov 1847 (Berlin)
119,12,"Fantasy in F Sharp minor, ""Sonate écossaise""",28,2,17m,Felix Mendelssohn-Bartholdy,3 feb 1809 (Hamburg) -  4 nov 1847 (Berlin)
120,13,"Songs without Words, Vol. II",30,6,18m,Felix Mendelssohn-Bartholdy,3 feb 1809 (Hamburg) -  4 nov 1847 (Berlin)
121,14,4 pieces for string quartet,81,1,10m,Felix Mendelssohn-Bartholdy,3 feb 1809 (Hamburg) -  4 nov 1847 (Berlin)
122,15,Sonata for organ no. 4 in B flat major,65:4,1,3m,Felix Mendelssohn-Bartholdy,3 feb 1809 (Hamburg) -  4 nov 1847 (Berlin)
123,16,"Psalm 22 ""Mein Gott, warum hast du""",78:3,1,4m,Felix Mendelssohn-Bartholdy,3 feb 1809 (Hamburg) -  4 nov 1847 (Berlin)
124,17,"Songs without Words, Vol. V",62,4,6m,Felix Mendelssohn-Bartholdy,3 feb 1809 (Hamburg) -  4 nov 1847 (Berlin)
125,18,String Quartet #1 in E Flat Major,12,1,24m,Felix Mendelssohn-Bartholdy,3 feb 1809 (Hamburg) -  4 nov 1847 (Berlin)
126,19,Variations sérieuses in D minor,54,2,13m,Felix Mendelssohn-Bartholdy,3 feb 1809 (Hamburg) -  4 nov 1847 (Berlin)
127,20,Piano Trio no. 2 in C minor,66,1,30m,Felix Mendelssohn-Bartholdy,3 feb 1809 (Hamburg) -  4 nov 1847 (Berlin)
128,1,6 soirées á Saint-Petersburg,44,1,4m,Anton Rubinstein,28 nov 1829 (Ofatinţi) -  20 nov 1894 (Peterhof)
129,2,Die Maccabäer,,1,5m,Anton Rubinstein,28 nov 1829 (Ofatinţi) -  20 nov 1894 (Peterhof)
130,1,Swan Lake (suite),20a,1,3m,Pyotr Ilyich Tchaikovsky,7 may 1840 (Wotkinsk) -  6 nov 1893 (St-Petersburg)
131,2,Piano Concerto no. 1,23,3,34m,Pyotr Ilyich Tchaikovsky,7 may 1840 (Wotkinsk) -  6 nov 1893 (St-Petersburg)
132,3,The Nutcracker - suite,71a,4,46m,Pyotr Ilyich Tchaikovsky,7 may 1840 (Wotkinsk) -  6 nov 1893 (St-Petersburg)
133,4,The Nutcracker,71,1,85m,Pyotr Ilyich Tchaikovsky,7 may 1840 (Wotkinsk) -  6 nov 1893 (St-Petersburg)
134,5,"Symphony No.6 ""Pathétique""",74,2,45m,Pyotr Ilyich Tchaikovsky,7 may 1840 (Wotkinsk) -  6 nov 1893 (St-Petersburg)
135,6,1812,49,5,17m,Pyotr Ilyich Tchaikovsky,7 may 1840 (Wotkinsk) -  6 nov 1893 (St-Petersburg)
136,7,Romeo and Juliet Overture,,2,19m,Pyotr Ilyich Tchaikovsky,7 may 1840 (Wotkinsk) -  6 nov 1893 (St-Petersburg)
137,8,Violin Concerto,35,4,33m,Pyotr Ilyich Tchaikovsky,7 may 1840 (Wotkinsk) -  6 nov 1893 (St-Petersburg)
138,9,Symphony No.4,36,6,40m,Pyotr Ilyich Tchaikovsky,7 may 1840 (Wotkinsk) -  6 nov 1893 (St-Petersburg)
139,10,The Seasons,37a,7,46m,Pyotr Ilyich Tchaikovsky,7 may 1840 (Wotkinsk) -  6 nov 1893 (St-Petersburg)
140,11,The Sleeping Beauty,66,1,5m,Pyotr Ilyich Tchaikovsky,7 may 1840 (Wotkinsk) -  6 nov 1893 (St-Petersburg)
141,12,Symphony No.5,64,2,44m,Pyotr Ilyich Tchaikovsky,7 may 1840 (Wotkinsk) -  6 nov 1893 (St-Petersburg)
142,13,Piano Trio in A minor op. 50,50,2,41m,Pyotr Ilyich Tchaikovsky,7 may 1840 (Wotkinsk) -  6 nov 1893 (St-Petersburg)
143,14,Eugene Onegin,24,4,132m,Pyotr Ilyich Tchaikovsky,7 may 1840 (Wotkinsk) -  6 nov 1893 (St-Petersburg)
144,15,Piano Concerto No. 2,44,3,33m,Pyotr Ilyich Tchaikovsky,7 may 1840 (Wotkinsk) -  6 nov 1893 (St-Petersburg)
145,16,Souvenir d'un lieu cher,42,3,11m,Pyotr Ilyich Tchaikovsky,7 may 1840 (Wotkinsk) -  6 nov 1893 (St-Petersburg)
146,17,Children's Album,39,2,28m,Pyotr Ilyich Tchaikovsky,7 may 1840 (Wotkinsk) -  6 nov 1893 (St-Petersburg)
147,18,Symphony Manfred,58,1,47m,Pyotr Ilyich Tchaikovsky,7 may 1840 (Wotkinsk) -  6 nov 1893 (St-Petersburg)
148,19,Concert Fantasia,56,2,30m,Pyotr Ilyich Tchaikovsky,7 may 1840 (Wotkinsk) -  6 nov 1893 (St-Petersburg)
149,20,Pique dame,68,2,163m,Pyotr Ilyich Tchaikovsky,7 may 1840 (Wotkinsk) -  6 nov 1893 (St-Petersburg)
150,1,12 Etudes Op. 10,10,28,29m,Frédéric Chopin,"1 mar 1810, Zelazowa Wola (Pl) -  17 oct 1849, Paris (Fr)"
151,2,Nocturnes Op.  9 (pour Madame Pleyel),9,17,9m,Frédéric Chopin,"1 mar 1810, Zelazowa Wola (Pl) -  17 oct 1849, Paris (Fr)"
152,3,Fantasie Impromptu,66,5,6m,Frédéric Chopin,"1 mar 1810, Zelazowa Wola (Pl) -  17 oct 1849, Paris (Fr)"
153,4,2 Nocturnes Op. 27,27,7,12m,Frédéric Chopin,"1 mar 1810, Zelazowa Wola (Pl) -  17 oct 1849, Paris (Fr)"
154,5,Nocturne no. 20 in C sharp minor Posth,,5,7m,Frédéric Chopin,"1 mar 1810, Zelazowa Wola (Pl) -  17 oct 1849, Paris (Fr)"
155,6,Piano Concerto No. 1,11,4,36m,Frédéric Chopin,"1 mar 1810, Zelazowa Wola (Pl) -  17 oct 1849, Paris (Fr)"
156,7,Nocturne no. 19 in E minor,72:1,1,5m,Frédéric Chopin,"1 mar 1810, Zelazowa Wola (Pl) -  17 oct 1849, Paris (Fr)"
157,8,12 Etudes Op. 25,25,33,32m,Frédéric Chopin,"1 mar 1810, Zelazowa Wola (Pl) -  17 oct 1849, Paris (Fr)"
158,9,Ballade No.1,23,10,11m,Frédéric Chopin,"1 mar 1810, Zelazowa Wola (Pl) -  17 oct 1849, Paris (Fr)"
159,10,Waltzes for piano op 64,64,11,6m,Frédéric Chopin,"1 mar 1810, Zelazowa Wola (Pl) -  17 oct 1849, Paris (Fr)"
160,11,Preludes,28,32,40m,Frédéric Chopin,"1 mar 1810, Zelazowa Wola (Pl) -  17 oct 1849, Paris (Fr)"
161,12,Piano Concerto No. 2,21,3,31m,Frédéric Chopin,"1 mar 1810, Zelazowa Wola (Pl) -  17 oct 1849, Paris (Fr)"
162,13,Nocturne no. 21 in C minor Posth.,,1,4m,Frédéric Chopin,"1 mar 1810, Zelazowa Wola (Pl) -  17 oct 1849, Paris (Fr)"
163,14,Piano Sonata No.2 in B flat minor,35,7,30m,Frédéric Chopin,"1 mar 1810, Zelazowa Wola (Pl) -  17 oct 1849, Paris (Fr)"
164,15,Polonaise No. 6 A flat Major 'Heroic',53,4,7m,Frédéric Chopin,"1 mar 1810, Zelazowa Wola (Pl) -  17 oct 1849, Paris (Fr)"
165,16,2 Waltzes Op. 69,69,7,9m,Frédéric Chopin,"1 mar 1810, Zelazowa Wola (Pl) -  17 oct 1849, Paris (Fr)"
166,17,Waltz no. 19 in A minor,,3,2m,Frédéric Chopin,"1 mar 1810, Zelazowa Wola (Pl) -  17 oct 1849, Paris (Fr)"
167,18,2 Nocturnes Op. 37,37,2,7m,Frédéric Chopin,"1 mar 1810, Zelazowa Wola (Pl) -  17 oct 1849, Paris (Fr)"
168,19,"Waltz no.  5 in A flat major ""Grande Valse""",42,2,4m,Frédéric Chopin,"1 mar 1810, Zelazowa Wola (Pl) -  17 oct 1849, Paris (Fr)"
169,20,Nocturnes Op. 55,55,9,9m,Frédéric Chopin,"1 mar 1810, Zelazowa Wola (Pl) -  17 oct 1849, Paris (Fr)"
170,1,12 Transcendental Etudes,139,9,64m,Franz Liszt,22 oct 1811 (Raiding) -  31 jul 1886 (Bayreuth)
171,2,Hungarian Rhapsodies,244,9,124m,Franz Liszt,22 oct 1811 (Raiding) -  31 jul 1886 (Bayreuth)
172,3,Liebesträume: 3 Notturnos,541,6,6m,Franz Liszt,22 oct 1811 (Raiding) -  31 jul 1886 (Bayreuth)
173,4,Piano Concerto No. 1 in E flat,124,4,20m,Franz Liszt,22 oct 1811 (Raiding) -  31 jul 1886 (Bayreuth)
174,5,Piano Sonata in B minor,178,9,35m,Franz Liszt,22 oct 1811 (Raiding) -  31 jul 1886 (Bayreuth)
175,6,Mephisto Waltz No 1,514,5,13m,Franz Liszt,22 oct 1811 (Raiding) -  31 jul 1886 (Bayreuth)
176,7,3 concert etudes,144,5,6m,Franz Liszt,22 oct 1811 (Raiding) -  31 jul 1886 (Bayreuth)
177,8,Piano Concerto No. 2 in A major,125,1,23m,Franz Liszt,22 oct 1811 (Raiding) -  31 jul 1886 (Bayreuth)
178,9,12 Lieder (Schubert),558,4,10m,Franz Liszt,22 oct 1811 (Raiding) -  31 jul 1886 (Bayreuth)
179,10,Les Préludes (v2),511a,1,16m,Franz Liszt,22 oct 1811 (Raiding) -  31 jul 1886 (Bayreuth)
180,11,Hungarian Rhapsodies for orchestra (Doppler),359,2,65m,Franz Liszt,22 oct 1811 (Raiding) -  31 jul 1886 (Bayreuth)
181,12,Années de pèlerinage I,160,14,51m,Franz Liszt,22 oct 1811 (Raiding) -  31 jul 1886 (Bayreuth)
182,13,6 trancendental etudes after Paganini (v2),141,3,6m,Franz Liszt,22 oct 1811 (Raiding) -  31 jul 1886 (Bayreuth)
183,14,2 concert etudes,145,1,4m,Franz Liszt,22 oct 1811 (Raiding) -  31 jul 1886 (Bayreuth)
184,15,"Totentanz Paraphrase on ""Dies Irae""",126ii,2,16m,Franz Liszt,22 oct 1811 (Raiding) -  31 jul 1886 (Bayreuth)
185,16,"Waltz from Gounod's ""Faust""",407,1,8m,Franz Liszt,22 oct 1811 (Raiding) -  31 jul 1886 (Bayreuth)
186,17,Les Preludes (orch),97,2,16m,Franz Liszt,22 oct 1811 (Raiding) -  31 jul 1886 (Bayreuth)
187,18,Consolations,172,5,19m,Franz Liszt,22 oct 1811 (Raiding) -  31 jul 1886 (Bayreuth)
188,19,6 Chants Polonais (Chopin),480,3,7m,Franz Liszt,22 oct 1811 (Raiding) -  31 jul 1886 (Bayreuth)
189,20,Widmung (Schumann),566,3,5m,Franz Liszt,22 oct 1811 (Raiding) -  31 jul 1886 (Bayreuth)
190,1,Sonatina in A major,167,1,14m,Carl Czerny,21 feb 1791 (Vienna) -  15 jul 1857 (Vienna)
191,1,Sonatina Op.36 No.1 in C major,36:1,4,4m,Muzio Clementi,23 jan 1752 (Roma) -  10 mar 1832 (Evesham)
192,2,Sonatina Op.36 No.3 in C major,36:3,2,6m,Muzio Clementi,23 jan 1752 (Roma) -  10 mar 1832 (Evesham)
193,3,Sonatina Op.36 No.2 in G major,36:2,2,5m,Muzio Clementi,23 jan 1752 (Roma) -  10 mar 1832 (Evesham)
194,4,Sonatina Op.36 No.6 in D major,36:6,1,7m,Muzio Clementi,23 jan 1752 (Roma) -  10 mar 1832 (Evesham)
195,5,Sonatina Op.36 No.4 in F major,36:4,1,7m,Muzio Clementi,23 jan 1752 (Roma) -  10 mar 1832 (Evesham)
196,6,Sonatina Op.36 No.5 in G major,36:5,1,6m,Muzio Clementi,23 jan 1752 (Roma) -  10 mar 1832 (Evesham)
197,7,Piano sonata in E flat op. 24 no. 3,24:3,1,13m,Muzio Clementi,23 jan 1752 (Roma) -  10 mar 1832 (Evesham)
198,8,"Piano Sonata in G Minor ""Didone Abbandonata""",50:3,1,24m,Muzio Clementi,23 jan 1752 (Roma) -  10 mar 1832 (Evesham)
199,9,Piano Sonata No. 5 in F Sharp Minor Op. 25,25:5,1,12m,Muzio Clementi,23 jan 1752 (Roma) -  10 mar 1832 (Evesham)
200,10,Sonata in B flat Major,24:2,1,14m,Muzio Clementi,23 jan 1752 (Roma) -  10 mar 1832 (Evesham)
201,11,Piano Sonata no. 6 in D major op. 25,25:6,1,11m,Muzio Clementi,23 jan 1752 (Roma) -  10 mar 1832 (Evesham)
